Workbook

Sheet Gram_Panchayat_Master
A1: GP_ID | B1: Gram_Panchayat | C1: Block | D1: Tehsil | E1: District | F1: Vidhansabha | G1: Bihavior Of Prashant Patel | H1: मुख्य_समस्या | I1: विशेष_टिप्पणी | J1: Muslim Vote Devidetion | K1: Form Photo
A2: GP001 | B2: Kalari | C2: Bithri Chainpur | D2: Bareilly | E2: Bareilly | F2: Bhojipura | G2: Good | H2: पेयजल समस्या | I2: युवाओं में बेरोजगारी अधिक | J2: थोडा होगा लेकिन जयादा असर नहीं पड़ेगा
A3: GP002 | B3: Nagariya Kalan | C3: Bithri Chainpur | D3: Bareilly | E3: Bareilly | F3: Bhojipura | G3: Avrage | H3: सड़क खराब | I3: किसान सिंचाई की मांग कर रहे हैं | J3: खास असर नहीं होगा

Sheet Village_Master
A1: Village_ID | B1: GP_ID | C1: Village_Name
A2: V001 | B2: GP001 | C2: Kalari
A3: V002 | B3: GP002 | C3: Nagariya Kalan

Sheet Booth_Master
A1: Booth_ID | B1: Village_ID | C1: Booth_No_Old | D1: Both_No_New | E1: Total_Voters | F1: Male_Voters | G1: Female_Voters | H1: Both Condition
A2: B001 | B2: V001 | C2: 271 | D2: 271 | E2: 848 | F2: 443 | G2: 405 | H2: Strong
A3: B002 | B3: V001 | C3: 272 | D3: 272 | E3: 833 | F3: 433 | G3: 400 | H3: Weak
A4: B003 | B4: V001 | C4: 273 | D4: 273 | E4: 1084 | F4: 586 | G4: 498 | H4: Weak
A5: B004 | B5: V002 | C5: 402 | D5: 409 | E5: 913 | F5: 497 | G5: 416 | H5: Very Weak
A6: B005 | B6: V002 | C6: 403 | D6: 410 | E6: 890 | F6: 489 | G6: 401 | H6: Very Weak
A7: B006 | B7: V002 | C7: 404 | D7: 411 | E7: 991 | F7: 542 | G7: 449 | H7: Very Weak

Sheet Election_Result_2022
A1: Election_ID | B1: Booth_ID | C1: BJP_Votes | D1: SP_Votes | E1: BSP_Votes
A2: E001 | B2: B001 | C2: 310 | D2: 250 | E2: 120
A3: E002 | B3: B002 | C3: 100 | D3: 270 | E3: 100
A4: E003 | B4: B003 | C4: 180 | D4: 300 | E4: 90
A5: E004 | B5: B004 | C5: 35 | D5: 430 | E5: 98
A6: E005 | B6: B005 | C6: 92 | D6: 356 | E6: 205
A7: E006 | B7: B006 | C7: 15 | D7: 499 | E7: 158

Sheet Caste_Data
A1: Caste_ID | B1: Village_ID | C1: Religion | D1: Caste_Name | E1: Voters
A2: C001 | B2: V001 | C2: Hindu | D2: Kurmi | E2: 65
A3: C002 | B3: V001 | C3: Hindu | D3: Kashyap | E3: 23
A4: C003 | B4: V001 | C4: Hindu | D4: Mourya | E4: 750
A5: C004 | B5: V001 | C5: Hindu | D5: Jatav | E5: 90
A6: C005 | B6: V001 | C6: Hindu | D6: Dhobi | E6: 100
A7: C006 | B7: V001 | C7: Muslim | D7: Others | E7: 60
A8: C007 | B8: V001 | C8: Muslim | D8: Anshari | E8: 1000
A9: C008 | B9: V001 | C9: Muslim | D9: Pathan | E9: 450
A10: C009 | B10: V001 | C10: Muslim | D10: Alvi | E10: 400
A11: C010 | B11: V002 | C11: Hindu | D11: Badhai | E11: 30
A12: C011 | B12: V002 | C12: Hindu | D12: Sahu | E12: 100
A13: C012 | B13: V002 | C13: Hindu | D13: Jatav | E13: 420
... A21: C020 | B21: V003 | C21: Muslim | D21: Dhobi | E21: 44
A22: C021
A23: C022

Sheet Influential_Persons
A1: Person_ID | B1: Village_ID | C1: Name | D1: Role | E1: Mobile | F1: Political_Affiliation | G1: Cast
A2: P001 | B2: V001 | C2: Nasreen | D2: Gram Pradhan | E2: 9568519505 | F2: SP | G2: Anshari
A3: P002 | B3: V001 | C3: Khem Raj | D3: Pradhan Candidate | E3: 8057279190 | F3: BJP | G3: Mourya
A4: P003 | B4: V001 | C4: Faizan | D4: BDC Member | E4: 7819813309 | F4: SP | G4: Anshari
A5: P004 | B5: V001 | C5: Reyaj Ahmad | D5: Pradhan Candidate | E5: 9837015646 | F5: SP | G5: Anshari
A6: P005 | B6: V001 | C6: Raheem Kha | D6: Former Pradhan | E6: 9837386659 | F6: SP | G6: Pathan | I6: =IFERROR(INDEX(A$2:A$7, SMALL(IF($B$2:$B$7=$G$2, ROW($B$2:$B$7)-ROW($B$2)+1), ROW(2:2))), "") | J6: =IFERROR(INDEX(B$2:B$7, SMALL(IF($B$2:$B$7=$G$2, ROW($B$2:$B$7)-ROW($B$2)+1), ROW(2:2))), "") | K6: =IFERROR(INDEX(C$2:C$7, SMALL(IF($B$2:$B$7=$G$2, ROW($B$2:$B$7)-ROW($B$2)+1), ROW(2:2))), "") | L6: =IFERROR(INDEX(D$2:D$7, SMALL(IF($B$2:$B$7=$G$2, ROW($B$2:$B$7)-ROW($B$2)+1), ROW(2:2))), "") | M6: =IFERROR(INDEX(E$2:E$7, SMALL(IF($B$2:$B$7=$G$2, ROW($B$2:$B$7)-ROW($B$2)+1), ROW(2:2))), "") | N6: =IFERROR(INDEX(F$2:F$7, SMALL(IF($B$2:$B$7=$G$2, ROW($B$2:$B$7)-ROW($B$2)+1), ROW(2:2))), "")
A7: P006 | B7: V001 | C7: Ejakat Kha | D7: Kotedar | E7: 9917621151 | F7: SP | G7: Pathan | I7: =IFERROR(INDEX(A$2:A$7, SMALL(IF($B$2:$B$7=$G$2, ROW($B$2:$B$7)-ROW($B$2)+1), ROW(3:3))), "") | J7: =IFERROR(INDEX(B$2:B$7, SMALL(IF($B$2:$B$7=$G$2, ROW($B$2:$B$7)-ROW($B$2)+1), ROW(3:3))), "") | K7: =IFERROR(INDEX(C$2:C$7, SMALL(IF($B$2:$B$7=$G$2, ROW($B$2:$B$7)-ROW($B$2)+1), ROW(3:3))), "") | L7: =IFERROR(INDEX(D$2:D$7, SMALL(IF($B$2:$B$7=$G$2, ROW($B$2:$B$7)-ROW($B$2)+1), ROW(3:3))), "") | M7: =IFERROR(INDEX(E$2:E$7, SMALL(IF($B$2:$B$7=$G$2, ROW($B$2:$B$7)-ROW($B$2)+1), ROW(3:3))), "") | N7: =IFERROR(INDEX(F$2:F$7, SMALL(IF($B$2:$B$7=$G$2, ROW($B$2:$B$7)-ROW($B$2)+1), ROW(3:3))), "")
A8: P007 | B8: V001 | C8: Hmeed Rza Kha | D8: BDC Member | E8: 7248649786 | F8: SP | G8: Anshari | I8: =IFERROR(INDEX(A$2:A$7, SMALL(IF($B$2:$B$7=$G$2, ROW($B$2:$B$7)-ROW($B$2)+1), ROW(4:4))), "") | J8: =IFERROR(INDEX(B$2:B$7, SMALL(IF($B$2:$B$7=$G$2, ROW($B$2:$B$7)-ROW($B$2)+1), ROW(4:4))), "") | K8: =IFERROR(INDEX(C$2:C$7, SMALL(IF($B$2:$B$7=$G$2, ROW($B$2:$B$7)-ROW($B$2)+1), ROW(4:4))), "") | L8: =IFERROR(INDEX(D$2:D$7, SMALL(IF($B$2:$B$7=$G$2, ROW($B$2:$B$7)-ROW($B$2)+1), ROW(4:4))), "") | M8: =IFERROR(INDEX(E$2:E$7, SMALL(IF($B$2:$B$7=$G$2, ROW($B$2:$B$7)-ROW($B$2)+1), ROW(4:4))), "") | N8: =IFERROR(INDEX(F$2:F$7, SMALL(IF($B$2:$B$7=$G$2, ROW($B$2:$B$7)-ROW($B$2)+1), ROW(4:4))), "")
A9: P008 | B9: V001 | C9: Chheda Lal | D9: Influential | E9: 6398301238 | F9: BJP | G9: Mourya | I9: =IFERROR(INDEX(A$2:A$7, SMALL(IF($B$2:$B$7=$G$2, ROW($B$2:$B$7)-ROW($B$2)+1), ROW(5:5))), "") | J9: =IFERROR(INDEX(B$2:B$7, SMALL(IF($B$2:$B$7=$G$2, ROW($B$2:$B$7)-ROW($B$2)+1), ROW(5:5))), "") | K9: =IFERROR(INDEX(C$2:C$7, SMALL(IF($B$2:$B$7=$G$2, ROW($B$2:$B$7)-ROW($B$2)+1), ROW(5:5))), "") | L9: =IFERROR(INDEX(D$2:D$7, SMALL(IF($B$2:$B$7=$G$2, ROW($B$2:$B$7)-ROW($B$2)+1), ROW(5:5))), "") | M9: =IFERROR(INDEX(E$2:E$7, SMALL(IF($B$2:$B$7=$G$2, ROW($B$2:$B$7)-ROW($B$2)+1), ROW(5:5))), "") | N9: =IFERROR(INDEX(F$2:F$7, SMALL(IF($B$2:$B$7=$G$2, ROW($B$2:$B$7)-ROW($B$2)+1), ROW(5:5))), "")
A10: P009 | B10: V001 | C10: Jamuna Prashad | D10: Influential | E10: 7500169804 | F10: BJP | G10: Dhobi
A11: P010 | B11: V001 | C11: Mangle Lal | D11: Influential | E11: 9756613457 | F11: BJP | G11: Mourya
A12: P011 | B12: V001 | C12: Hasnen | D12: Influential | E12: 8433147226 | F12: SP | G12: Pathan
A13: P012 | B13: V001 | C13: Edrees | D13: BDC Candidate | E13: 8077458224 | F13: SP | G13: Anshari
A14: P013 | B14: V001 | C14: ShahaJi Kamal
A15: P014 | B15: V002 | C15: Tarikh Anshari
A16: P015 | B16: V002 | C16: Naresh
A17: P016 | B17: V002 | C17: Stya Pal
A18: P017 | B18: V002 | C18: Mahesh Pal
A19: P018 | B19: V002 | C19: Ashif Khan
A20: P019 | B20: V002 | C20: Naik Ahmad
A21: P020 | B21: V002 | C21: Nanhe Lal
A22: P021 | B22: V002 | C22: Raghunath
A23: P022 | B23: V002 | C23: Naseer

Sheet Search
A1: Enter Village Name | B1: =B23 -> V001 | C1: Kalari | G1: Gram Panchayat | H1: =IFERROR(INDEX(Gram_Panchayat_Master!$B:$B,MATCH($B$24,Gram_Panchayat_Master!$A:$A,0)),"") -> Kalari | I1: All Villege | K1: Total Vote | M1: Total Vote
A2: Person_ID | B2: Name | C2: Role | D2: Mobile | E2: Political Affiliation | G2: Block | H2: =IFERROR(INDEX(Gram_Panchayat_Master!$C:$C,MATCH($B$24,Gram_Panchayat_Master!$A:$A,0)),"") -> Bithri Chainpur | I2: =IFERROR(INDEX(Village_Master!$C:$C,_xlfn.AGGREGATE(15,6,ROW(Village_Master!$B$2:$B$192)/(Village_Master!$B$2:$B$192=$B$24),ROWS($I$2:I2))),"") -> Kalari | J2: Hindu Cast | K2: =SUMPRODUCT((Caste_Data!$B$2:$B$189=$B$23)*(Caste_Data!$C$2:$C$189="Hindu")*(Caste_Data!$E$2:$E$189)) -> 1028 | L2: Muslim Cast | M2: =SUMPRODUCT((Caste_Data!$B$2:$B$189=$B$23)*(Caste_Data!$C$2:$C$189="Muslim")*(Caste_Data!$E$2:$E$189)) -> 1910
A3: =IFERROR(INDEX(Influential_Persons!$A:$A,_xlfn.AGGREGATE(15,6,ROW(Influential_Persons!$B$2:$B$199)/(Influential_Persons!$B$2:$B$199=$B$23),ROWS($A$3:A3))),"") -> P001 | B3: =IF($A3="","",INDEX(Influential_Persons!$C:$C,MATCH($A3,Influential_Persons!$A:$A,0))) -> Nasreen | C3: =IF($A3="","",INDEX(Influential_Persons!$D:$D,MATCH($A3,Influential_Persons!$A:$A,0))) -> Gram Pradhan | D3: =IF($A3="","",INDEX(Influential_Persons!$E:$E,MATCH($A3,Influential_Persons!$A:$A,0))) -> 9568519505 | E3: =IF($A3="","",INDEX(Influential_Persons!$F:$F,MATCH($A3,Influential_Persons!$A:$A,0))) -> SP | G3: Tehsil | H3: =IFERROR(INDEX(Gram_Panchayat_Master!$D:$D,MATCH($B$24,Gram_Panchayat_Master!$A:$A,0)),"") -> Bareilly | I3: =IFERROR(INDEX(Village_Master!$C:$C,_xlfn.AGGREGATE(15,6,ROW(Village_Master!$B$2:$B$192)/(Village_Master!$B$2:$B$192=$B$24),ROWS($I$2:I3))),"") | J3: =IFERROR(INDEX(Caste_Data!$D:$D,_xlfn.AGGREGATE(15,6,ROW(Caste_Data!$B$2:$B$189)/((Caste_Data!$B$2:$B$189=$B$23)*(Caste_Data!$C$2:$C$189="Hindu")),ROWS($J$3:J3))),"") -> Kurmi | L3: =IFERROR(INDEX(Caste_Data!$D:$D,_xlfn.AGGREGATE(15,6,ROW(Caste_Data!$B$2:$B$189)/((Caste_Data!$B$2:$B$189=$B$23)*(Caste_Data!$C$2:$C$189="Muslim")),ROWS($L$3:L3))),"") -> Others
A4: =IFERROR(INDEX(Influential_Persons!$A:$A,_xlfn.AGGREGATE(15,6,ROW(Influential_Persons!$B$2:$B$199)/(Influential_Persons!$B$2:$B$199=$B$23),ROWS($A$3:A4))),"") -> P002 | B4: =IF($A4="","",INDEX(Influential_Persons!$C:$C,MATCH($A4,Influential_Persons!$A:$A,0))) -> Khem Raj | C4: =IF($A4="","",INDEX(Influential_Persons!$D:$D,MATCH($A4,Influential_Persons!$A:$A,0))) -> Pradhan Candidate | D4: =IF($A4="","",INDEX(Influential_Persons!$E:$E,MATCH($A4,Influential_Persons!$A:$A,0))) -> 8057279190 | E4: =IF($A4="","",INDEX(Influential_Persons!$F:$F,MATCH($A4,Influential_Persons!$A:$A,0))) -> BJP | G4: Vidhan Sabha | H4: =IFERROR(INDEX(Gram_Panchayat_Master!$F:$F,MATCH($B$24,Gram_Panchayat_Master!$A:$A,0)),"") -> Bhojipura | I4: =IFERROR(INDEX(Village_Master!$C:$C,_xlfn.AGGREGATE(15,6,ROW(Village_Master!$B$2:$B$192)/(Village_Master!$B$2:$B$192=$B$24),ROWS($I$2:I4))),"") | J4: =IFERROR(INDEX(Caste_Data!$D:$D,_xlfn.AGGREGATE(15,6,ROW(Caste_Data!$B$2:$B$189)/((Caste_Data!$B$2:$B$189=$B$23)*(Caste_Data!$C$2:$C$189="Hindu")),ROWS($J$3:J4))),"") -> Kashyap | L4: =IFERROR(INDEX(Caste_Data!$D:$D,_xlfn.AGGREGATE(15,6,ROW(Caste_Data!$B$2:$B$189)/((Caste_Data!$B$2:$B$189=$B$23)*(Caste_Data!$C$2:$C$189="Muslim")),ROWS($L$3:L4))),"") -> Anshari
A5: =IFERROR(INDEX(Influential_Persons!$A:$A,_xlfn.AGGREGATE(15,6,ROW(Influential_Persons!$B$2:$B$199)/(Influential_Persons!$B$2:$B$199=$B$23),ROWS($A$3:A5))),"") -> P003 | B5: =IF($A5="","",INDEX(Influential_Persons!$C:$C,MATCH($A5,Influential_Persons!$A:$A,0))) -> Faizan | C5: =IF($A5="","",INDEX(Influential_Persons!$D:$D,MATCH($A5,Influential_Persons!$A:$A,0))) -> BDC Member | D5: =IF($A5="","",INDEX(Influential_Persons!$E:$E,MATCH($A5,Influential_Persons!$A:$A,0))) -> 7819813309 | E5: =IF($A5="","",INDEX(Influential_Persons!$F:$F,MATCH($A5,Influential_Persons!$A:$A,0))) -> SP | I5: =IFERROR(INDEX(Village_Master!$C:$C,_xlfn.AGGREGATE(15,6,ROW(Village_Master!$B$2:$B$192)/(Village_Master!$B$2:$B$192=$B$24),ROWS($I$2:I5))),"") | J5: =IFERROR(INDEX(Caste_Data!$D:$D,_xlfn.AGGREGATE(15,6,ROW(Caste_Data!$B$2:$B$189)/((Caste_Data!$B$2:$B$189=$B$23)*(Caste_Data!$C$2:$C$189="Hindu")),ROWS($J$3:J5))),"") -> Mourya | L5: =IFERROR(INDEX(Caste_Data!$D:$D,_xlfn.AGGREGATE(15,6,ROW(Caste_Data!$B$2:$B$189)/((Caste_Data!$B$2:$B$189=$B$23)*(Caste_Data!$C$2:$C$189="Muslim")),ROWS($L$3:L5))),"") -> Pathan
A6: =IFERROR(INDEX(Influential_Persons!$A:$A,_xlfn.AGGREGATE(15,6,ROW(Influential_Persons!$B$2:$B$199)/(Influential_Persons!$B$2:$B$199=$B$23),ROWS($A$3:A6))),"") -> P004 | B6: =IF($A6="","",INDEX(Influential_Persons!$C:$C,MATCH($A6,Influential_Persons!$A:$A,0))) -> Reyaj Ahmad | C6: =IF($A6="","",INDEX(Influential_Persons!$D:$D,MATCH($A6,Influential_Persons!$A:$A,0))) -> Pradhan Candidate | D6: =IF($A6="","",INDEX(Influential_Persons!$E:$E,MATCH($A6,Influential_Persons!$A:$A,0))) -> 9837015646 | E6: =IF($A6="","",INDEX(Influential_Persons!$F:$F,MATCH($A6,Influential_Persons!$A:$A,0))) -> SP | I6: =IFERROR(INDEX(Village_Master!$C:$C,_xlfn.AGGREGATE(15,6,ROW(Village_Master!$B$2:$B$192)/(Village_Master!$B$2:$B$192=$B$24),ROWS($I$2:I6))),"") | J6: =IFERROR(INDEX(Caste_Data!$D:$D,_xlfn.AGGREGATE(15,6,ROW(Caste_Data!$B$2:$B$189)/((Caste_Data!$B$2:$B$189=$B$23)*(Caste_Data!$C$2:$C$189="Hindu")),ROWS($J$3:J6))),"") -> Jatav | L6: =IFERROR(INDEX(Caste_Data!$D:$D,_xlfn.AGGREGATE(15,6,ROW(Caste_Data!$B$2:$B$189)/((Caste_Data!$B$2:$B$189=$B$23)*(Caste_Data!$C$2:$C$189="Muslim")),ROWS($L$3:L6))),"") -> Alvi
A7: =IFERROR(INDEX(Influential_Persons!$A:$A,_xlfn.AGGREGATE(15,6,ROW(Influential_Persons!$B$2:$B$199)/(Influential_Persons!$B$2:$B$199=$B$23),ROWS($A$3:A7))),"") -> P005 | B7: =IF($A7="","",INDEX(Influential_Persons!$C:$C,MATCH($A7,Influential_Persons!$A:$A,0))) -> Raheem Kha | C7: =IF($A7="","",INDEX(Influential_Persons!$D:$D,MATCH($A7,Influential_Persons!$A:$A,0))) -> Former Pradhan | D7: =IF($A7="","",INDEX(Influential_Persons!$E:$E,MATCH($A7,Influential_Persons!$A:$A,0))) -> 9837386659 | E7: =IF($A7="","",INDEX(Influential_Persons!$F:$F,MATCH($A7,Influential_Persons!$A:$A,0))) -> SP | G7: =IFERROR(INDEX(Caste_Data!$D:$D,MATCH(ROWS($G$3:G7),Caste_Data!#REF!,0)),"") | I7: =IFERROR(INDEX(Village_Master!$C:$C,_xlfn.AGGREGATE(15,6,ROW(Village_Master!$B$2:$B$192)/(Village_Master!$B$2:$B$192=$B$24),ROWS($I$2:I7))),"") | J7: =IFERROR(INDEX(Caste_Data!$D:$D,_xlfn.AGGREGATE(15,6,ROW(Caste_Data!$B$2:$B$189)/((Caste_Data!$B$2:$B$189=$B$23)*(Caste_Data!$C$2:$C$189="Hindu")),ROWS($J$3:J7))),"") -> Dhobi | L7: =IFERROR(INDEX(Caste_Data!$D:$D,_xlfn.AGGREGATE(15,6,ROW(Caste_Data!$B$2:$B$189)/((Caste_Data!$B$2:$B$189=$B$23)*(Caste_Data!$C$2:$C$189="Muslim")),ROWS($L$3:L7))),"")
A8: =IFERROR(INDEX(Influential_Persons!$A:$A,_xlfn.AGGREGATE(15,6,ROW(Influential_Persons!$B$2:$B$199)/(Influential_Persons!$B$2:$B$199=$B$23),ROWS($A$3:A8))),"") -> P006 | B8: =IF($A8="","",INDEX(Influential_Persons!$C:$C,MATCH($A8,Influential_Persons!$A:$A,0))) -> Ejakat Kha | C8: =IF($A8="","",INDEX(Influential_Persons!$D:$D,MATCH($A8,Influential_Persons!$A:$A,0))) -> Kotedar | D8: =IF($A8="","",INDEX(Influential_Persons!$E:$E,MATCH($A8,Influential_Persons!$A:$A,0))) -> 9917621151 | E8: =IF($A8="","",INDEX(Influential_Persons!$F:$F,MATCH($A8,Influential_Persons!$A:$A,0))) -> SP | I8: =IFERROR(INDEX(Village_Master!$C:$C,_xlfn.AGGREGATE(15,6,ROW(Village_Master!$B$2:$B$192)/(Village_Master!$B$2:$B$192=$B$24),ROWS($I$2:I8))),"") | J8: =IFERROR(INDEX(Caste_Data!$D:$D,_xlfn.AGGREGATE(15,6,ROW(Caste_Data!$B$2:$B$189)/((Caste_Data!$B$2:$B$189=$B$23)*(Caste_Data!$C$2:$C$189="Hindu")),ROWS($J$3:J8))),"") | L8: =IFERROR(INDEX(Caste_Data!$D:$D,_xlfn.AGGREGATE(15,6,ROW(Caste_Data!$B$2:$B$189)/((Caste_Data!$B$2:$B$189=$B$23)*(Caste_Data!$C$2:$C$189="Muslim")),ROWS($L$3:L8))),"")
A9: =IFERROR(INDEX(Influential_Persons!$A:$A,_xlfn.AGGREGATE(15,6,ROW(Influential_Persons!$B$2:$B$199)/(Influential_Persons!$B$2:$B$199=$B$23),ROWS($A$3:A9))),"") -> P007 | B9: =IF($A9="","",INDEX(Influential_Persons!$C:$C,MATCH($A9,Influential_Persons!$A:$A,0))) -> Hmeed Rza Kha | C9: =IF($A9="","",INDEX(Influential_Persons!$D:$D,MATCH($A9,Influential_Persons!$A:$A,0))) -> BDC Member | D9: =IF($A9="","",INDEX(Influential_Persons!$E:$E,MATCH($A9,Influential_Persons!$A:$A,0))) -> 7248649786 | E9: =IF($A9="","",INDEX(Influential_Persons!$F:$F,MATCH($A9,Influential_Persons!$A:$A,0))) -> SP | I9: =IFERROR(INDEX(Village_Master!$C:$C,_xlfn.AGGREGATE(15,6,ROW(Village_Master!$B$2:$B$192)/(Village_Master!$B$2:$B$192=$B$24),ROWS($I$2:I9))),"") | J9: =IFERROR(INDEX(Caste_Data!$D:$D,_xlfn.AGGREGATE(15,6,ROW(Caste_Data!$B$2:$B$189)/((Caste_Data!$B$2:$B$189=$B$23)*(Caste_Data!$C$2:$C$189="Hindu")),ROWS($J$3:J9))),"") | L9: =IFERROR(INDEX(Caste_Data!$D:$D,_xlfn.AGGREGATE(15,6,ROW(Caste_Data!$B$2:$B$189)/((Caste_Data!$B$2:$B$189=$B$23)*(Caste_Data!$C$2:$C$189="Muslim")),ROWS($L$3:L9))),"")
A10: =IFERROR(INDEX(Influential_Persons!$A:$A,_xlfn.AGGREGATE(15,6,ROW(Influential_Persons!$B$2:$B$199)/(Influential_Persons!$B$2:$B$199=$B$23),ROWS($A$3:A10))),"") -> P008 | B10: =IF($A10="","",INDEX(Influential_Persons!$C:$C,MATCH($A10,Influential_Persons!$A:$A,0))) -> Chheda Lal | C10: =IF($A10="","",INDEX(Influential_Persons!$D:$D,MATCH($A10,Influential_Persons!$A:$A,0))) -> Influential | D10: =IF($A10="","",INDEX(Influential_Persons!$E:$E,MATCH($A10,Influential_Persons!$A:$A,0))) -> 6398301238 | E10: =IF($A10="","",INDEX(Influential_Persons!$F:$F,MATCH($A10,Influential_Persons!$A:$A,0))) -> BJP | I10: =IFERROR(INDEX(Village_Master!$C:$C,_xlfn.AGGREGATE(15,6,ROW(Village_Master!$B$2:$B$192)/(Village_Master!$B$2:$B$192=$B$24),ROWS($I$2:I10))),"") | J10: =IFERROR(INDEX(Caste_Data!$D:$D,_xlfn.AGGREGATE(15,6,ROW(Caste_Data!$B$2:$B$189)/((Caste_Data!$B$2:$B$189=$B$23)*(Caste_Data!$C$2:$C$189="Hindu")),ROWS($J$3:J10))),"") | L10: =IFERROR(INDEX(Caste_Data!$D:$D,_xlfn.AGGREGATE(15,6,ROW(Caste_Data!$B$2:$B$189)/((Caste_Data!$B$2:$B$189=$B$23)*(Caste_Data!$C$2:$C$189="Muslim")),ROWS($L$3:L10))),"")
A11: =IFERROR(INDEX(Influential_Persons!$A:$A,_xlfn.AGGREGATE(15,6,ROW(Influential_Persons!$B$2:$B$199)/(Influential_Persons!$B$2:$B$199=$B$23),ROWS($A$3:A11))),"") -> P009 | B11: =IF($A11="","",INDEX(Influential_Persons!$C:$C,MATCH($A11,Influential_Persons!$A:$A,0))) -> Jamuna Prashad | C11: =IF($A11="","",INDEX(Influential_Persons!$D:$D,MATCH($A11,Influential_Persons!$A:$A,0))) -> Influential | D11: =IF($A11="","",INDEX(Influential_Persons!$E:$E,MATCH($A11,Influential_Persons!$A:$A,0))) -> 7500169804 | E11: =IF($A11="","",INDEX(Influential_Persons!$F:$F,MATCH($A11,Influential_Persons!$A:$A,0))) -> BJP | G11: मुख्य_समस्या | H11: =IFERROR(INDEX(Gram_Panchayat_Master!$H:$H,MATCH($B$24,Gram_Panchayat_Master!$A:$A,0)),"") -> पेयजल समस्या
A12: =IFERROR(INDEX(Influential_Persons!$A:$A,_xlfn.AGGREGATE(15,6,ROW(Influential_Persons!$B$2:$B$199)/(Influential_Persons!$B$2:$B$199=$B$23),ROWS($A$3:A12))),"") -> P010 | B12: =IF($A12="","",INDEX(Influential_Persons!$C:$C,MATCH($A12,Influential_Persons!$A:$A,0))) -> Mangle Lal | C12: =IF($A12="","",INDEX(Influential_Persons!$D:$D,MATCH($A12,Influential_Persons!$A:$A,0))) -> Influential | D12: =IF($A12="","",INDEX(Influential_Persons!$E:$E,MATCH($A12,Influential_Persons!$A:$A,0))) -> 9756613457 | E12: =IF($A12="","",INDEX(Influential_Persons!$F:$F,MATCH($A12,Influential_Persons!$A:$A,0))) -> BJP
A13: =IFERROR(INDEX(Influential_Persons!$A:$A,_xlfn.AGGREGATE(15,6,ROW(Influential_Persons!$B$2:$B$199)/(Influential_Persons!$B$2:$B$199=$B$23),ROWS($A$3:A13))),"") -> P011 | B13: =IF($A13="","",INDEX(Influential_Persons!$C:$C,MATCH($A13,Influential_Persons!$A:$A,0))) -> Hasnen | C13: =IF($A13="","",INDEX(Influential_Persons!$D:$D,MATCH($A13,Influential_Persons!$A:$A,0))) -> Influential | D13: =IF($A13="","",INDEX(Influential_Persons!$E:$E,MATCH($A13,Influential_Persons!$A:$A,0))) -> 8433147226 | E13: =IF($A13="","",INDEX(Influential_Persons!$F:$F,MATCH($A13,Influential_Persons!$A:$A,0))) -> SP | G13: विशेष_टिप्पणी | H13: =IFERROR(INDEX(Gram_Panchayat_Master!$I:$I,MATCH($B$24,Gram_Panchayat_Master!$A:$A,0)),"") -> युवाओं में बेरोजगारी अधिक
A14: =IFERROR(INDEX(Influential_Persons!$A:$A,_xlfn.AGGREGATE(15,6,ROW(Influential_Persons!$B$2:$B$199)/(Influential_Persons!$B$2:$B$199=$B$23),ROWS($A$3:A14))),"") -> P012 | B14: =IF($A14="","",INDEX(Influential_Persons!$C:$C,MATCH($A14,Influential_Persons!$A:$A,0))) -> Edrees | C14: =IF($A14="","",INDEX(Influential_Persons!$D:$D,MATCH($A14,Influential_Persons!$A:$A,0))) -> BDC Candidate | D14: =IF($A14="","",INDEX(Influential_Persons!$E:$E,MATCH($A14,Influential_Persons!$A:$A,0))) -> 8077458224 | E14: =IF($A14="","",INDEX(Influential_Persons!$F:$F,MATCH($A14,Influential_Persons!$A:$A,0))) -> SP
A15: 2022 Result | G15: Bihavior Of Prashant Patel
A16: Old Both Number | B16: New Both Number | C16: BJP | D16: SP | E16: BSP | G16: =IFERROR(INDEX(Gram_Panchayat_Master!$G:$G,MATCH($B$24,Gram_Panchayat_Master!$A:$A,0)),"") -> Good
A17: =IFERROR(INDEX(Booth_Master!$C:$C,_xlfn.AGGREGATE(15,6,ROW(Booth_Master!$B$2:$B$200)/(Booth_Master!$B$2:$B$200=$B$23),ROWS($A$17:A17))),"") -> 271 | B17: =IFERROR(INDEX(Booth_Master!$D:$D,_xlfn.AGGREGATE(15,6,ROW(Booth_Master!$B$2:$B$200)/(Booth_Master!$B$2:$B$200=$B$23),ROWS($A$17:A17))),"") -> 271 | C17: =IFERROR(INDEX(Election_Result_2022!$C:$C,MATCH(INDEX(Booth_Master!$A:$A,_xlfn.AGGREGATE(15,6,ROW(Booth_Master!$B$2:$B$200)/(Booth_Master!$B$2:$B$200=$B$23),ROWS($A$17:A17))),Election_Result_2022!$B:$B,0)),"") -> 310 | D17: =IFERROR(INDEX(Election_Result_2022!$D:$D,MATCH(INDEX(Booth_Master!$A:$A,_xlfn.AGGREGATE(15,6,ROW(Booth_Master!$B$2:$B$200)/(Booth_Master!$B$2:$B$200=$B$23),ROWS($A$17:A17))),Election_Result_2022!$B:$B,0)),"") -> 250 | E17: =IFERROR(INDEX(Election_Result_2022!$E:$E,MATCH(INDEX(Booth_Master!$A:$A,_xlfn.AGGREGATE(15,6,ROW(Booth_Master!$B$2:$B$200)/(Booth_Master!$B$2:$B$200=$B$23),ROWS($A$17:A17))),Election_Result_2022!$B:$B,0)),"") -> 120
A18: =IFERROR(INDEX(Booth_Master!$C:$C,_xlfn.AGGREGATE(15,6,ROW(Booth_Master!$B$2:$B$200)/(Booth_Master!$B$2:$B$200=$B$23),ROWS($A$17:A18))),"") -> 272 | B18: =IFERROR(INDEX(Booth_Master!$D:$D,_xlfn.AGGREGATE(15,6,ROW(Booth_Master!$B$2:$B$200)/(Booth_Master!$B$2:$B$200=$B$23),ROWS($A$17:A18))),"") -> 272 | C18: =IFERROR(INDEX(Election_Result_2022!$C:$C,MATCH(INDEX(Booth_Master!$A:$A,_xlfn.AGGREGATE(15,6,ROW(Booth_Master!$B$2:$B$200)/(Booth_Master!$B$2:$B$200=$B$23),ROWS($A$17:A18))),Election_Result_2022!$B:$B,0)),"") -> 100 | D18: =IFERROR(INDEX(Election_Result_2022!$D:$D,MATCH(INDEX(Booth_Master!$A:$A,_xlfn.AGGREGATE(15,6,ROW(Booth_Master!$B$2:$B$200)/(Booth_Master!$B$2:$B$200=$B$23),ROWS($A$17:A18))),Election_Result_2022!$B:$B,0)),"") -> 270 | E18: =IFERROR(INDEX(Election_Result_2022!$E:$E,MATCH(INDEX(Booth_Master!$A:$A,_xlfn.AGGREGATE(15,6,ROW(Booth_Master!$B$2:$B$200)/(Booth_Master!$B$2:$B$200=$B$23),ROWS($A$17:A18))),Election_Result_2022!$B:$B,0)),"") -> 100 | G18: Muslim Vote devidation
A19: =IFERROR(INDEX(Booth_Master!$C:$C,_xlfn.AGGREGATE(15,6,ROW(Booth_Master!$B$2:$B$200)/(Booth_Master!$B$2:$B$200=$B$23),ROWS($A$17:A19))),"") -> 273 | B19: =IFERROR(INDEX(Booth_Master!$D:$D,_xlfn.AGGREGATE(15,6,ROW(Booth_Master!$B$2:$B$200)/(Booth_Master!$B$2:$B$200=$B$23),ROWS($A$17:A19))),"") -> 273 | C19: =IFERROR(INDEX(Election_Result_2022!$C:$C,MATCH(INDEX(Booth_Master!$A:$A,_xlfn.AGGREGATE(15,6,ROW(Booth_Master!$B$2:$B$200)/(Booth_Master!$B$2:$B$200=$B$23),ROWS($A$17:A19))),Election_Result_2022!$B:$B,0)),"") -> 180 | D19: =IFERROR(INDEX(Election_Result_2022!$D:$D,MATCH(INDEX(Booth_Master!$A:$A,_xlfn.AGGREGATE(15,6,ROW(Booth_Master!$B$2:$B$200)/(Booth_Master!$B$2:$B$200=$B$23),ROWS($A$17:A19))),Election_Result_2022!$B:$B,0)),"") -> 300 | E19: =IFERROR(INDEX(Election_Result_2022!$E:$E,MATCH(INDEX(Booth_Master!$A:$A,_xlfn.AGGREGATE(15,6,ROW(Booth_Master!$B$2:$B$200)/(Booth_Master!$B$2:$B$200=$B$23),ROWS($A$17:A19))),Election_Result_2022!$B:$B,0)),"") -> 90 | G19: =IFERROR(INDEX(Gram_Panchayat_Master!$J:$J,MATCH($B$24,Gram_Panchayat_Master!$A:$A,0)),"") -> थोडा होगा लेकिन जयादा असर नहीं पड़ेगा
A20: =IFERROR(INDEX(Booth_Master!$C:$C,_xlfn.AGGREGATE(15,6,ROW(Booth_Master!$B$2:$B$200)/(Booth_Master!$B$2:$B$200=$B$23),ROWS($A$17:A20))),"") | B20: =IFERROR(INDEX(Booth_Master!$D:$D,_xlfn.AGGREGATE(15,6,ROW(Booth_Master!$B$2:$B$200)/(Booth_Master!$B$2:$B$200=$B$23),ROWS($A$17:A20))),"") | C20: =IFERROR(INDEX(Election_Result_2022!$C:$C,MATCH(INDEX(Booth_Master!$A:$A,_xlfn.AGGREGATE(15,6,ROW(Booth_Master!$B$2:$B$200)/(Booth_Master!$B$2:$B$200=$B$23),ROWS($A$17:A20))),Election_Result_2022!$B:$B,0)),"") | D20: =IFERROR(INDEX(Election_Result_2022!$D:$D,MATCH(INDEX(Booth_Master!$A:$A,_xlfn.AGGREGATE(15,6,ROW(Booth_Master!$B$2:$B$200)/(Booth_Master!$B$2:$B$200=$B$23),ROWS($A$17:A20))),Election_Result_2022!$B:$B,0)),"") | E20: =IFERROR(INDEX(Election_Result_2022!$E:$E,MATCH(INDEX(Booth_Master!$A:$A,_xlfn.AGGREGATE(15,6,ROW(Booth_Master!$B$2:$B$200)/(Booth_Master!$B$2:$B$200=$B$23),ROWS($A$17:A20))),Election_Result_2022!$B:$B,0)),"")
A21: =IFERROR(INDEX(Booth_Master!$C:$C,_xlfn.AGGREGATE(15,6,ROW(Booth_Master!$B$2:$B$200)/(Booth_Master!$B$2:$B$200=$B$23),ROWS($A$17:A21))),"") | B21: =IFERROR(INDEX(Booth_Master!$D:$D,_xlfn.AGGREGATE(15,6,ROW(Booth_Master!$B$2:$B$200)/(Booth_Master!$B$2:$B$200=$B$23),ROWS($A$17:A21))),"") | C21: =IFERROR(INDEX(Election_Result_2022!$C:$C,MATCH(INDEX(Booth_Master!$A:$A,_xlfn.AGGREGATE(15,6,ROW(Booth_Master!$B$2:$B$200)/(Booth_Master!$B$2:$B$200=$B$23),ROWS($A$17:A21))),Election_Result_2022!$B:$B,0)),"") | D21: =IFERROR(INDEX(Election_Result_2022!$D:$D,MATCH(INDEX(Booth_Master!$A:$A,_xlfn.AGGREGATE(15,6,ROW(Booth_Master!$B$2:$B$200)/(Booth_Master!$B$2:$B$200=$B$23),ROWS($A$17:A21))),Election_Result_2022!$B:$B,0)),"") | E21: =IFERROR(INDEX(Election_Result_2022!$E:$E,MATCH(INDEX(Booth_Master!$A:$A,_xlfn.AGGREGATE(15,6,ROW(Booth_Master!$B$2:$B$200)/(Booth_Master!$B$2:$B$200=$B$23),ROWS($A$17:A21))),Election_Result_2022!$B:$B,0)),"")
A23: Village_ID (helper) | B23: =IFERROR(INDEX(Village_Master!$A:$A,MATCH($C$1,Village_Master!$C:$C,0)),"Not Found") -> V001
A24: GP_ID (helper) | B24: =IFERROR(INDEX(Village_Master!$B:$B,MATCH($C$1,Village_Master!$C:$C,0)),"") -> GP001
