Workbook

Sheet Gram_Panchayat_Master
A1: GP_ID | B1: Gram_Panchayat | C1: Block | D1: Tehsil | E1: District | F1: Vidhansabha | G1: Bihavior Of Prashant Patel | H1: मुख्य_समस्या | I1: विशेष_टिप्पणी | J1: Muslim Vote Devidetion | K1: Present Situation | L1: SC Toword | M1: Form Photo | N1: Survy Executive
A2: GP001 | B2: Kalari | C2: Bithri Chainpur | D2: Bareilly | E2: Bareilly | F2: Bhojipura | G2: प्रशन पटेल जी जिला पंचायत प्रतिनिधि के रूप में कार्य हुआ है विचार ठीक है पर मेहनत करने की आवशयकता है | H2: 1. श्री मुकदर अली खा जूनियर स्कूल से पुलिया तक CC रोड पड़ना है 2. पानी की टंकी चार महीने से नहीं चल रही है | I2: कलारी ग्राम में विशेष रूप से ध्यान देने की आवशयकता है और हर बूथ पर ध्यान देने की आवशयकता है और नाराजगी भी है लोगो में प्रशांत पटेल जी से| | J2: हा होगा | K2: SP | L2: BJP | M2: Kalari | N2: Harsh,Sarvraj,Bhopendra
A3: GP002 | B3: Nagariya Kalan | C3: Bithri Chainpur | D3: Bareilly | E3: Bareilly | F3: Bhojipura | G3: लोग कम जानते है और आते भी नहीं है इधर लोगो का कहना है | H3: रलवे लायन से लेकर नन्युआ साईकिल बाले के घर तक रोड ख़राब है (नईक,सत्यपाल) कूड़ा दान का कोई रास्ता नहीं है प्रयोग नहीं कर सकते(महेस) | I3: जाटव समाज में सत्यपाल मास्टर के पुराने बाले माकन की गली में पानी का निकास नहीं है क्योकि बहार बाला रोड ऊचा है तो बहुत समस्या है अभी सभी को | J3: सुल्तान बेग जी को जायदा वोट मिलेंगे क्योकि सहजील से लोग नाराज है | K3: SP | L3: BSP | M3: =C3 -> Bithri Chainpur | N3: Vikas,Harsh,Arvind

Sheet Village_Master
A1: Village_ID | B1: GP_ID | C1: Village_Name
A2: V001 | B2: GP001 | C2: Kalari
A3: V002 | B3: GP002 | C3: Nagariya Kalan

Sheet Booth_Master
A1: Booth_ID | B1: Village_ID | C1: Booth_No_Old | D1: Both_No_New | E1: Total_Voters | F1: Male_Voters | G1: Female_Voters | H1: Both Condition
A2: B001 | B2: V001 | C2: 271 | D2: 271 | E2: 848 | F2: 443 | G2: 405 | H2: Strong
A3: B002 | B3: V001 | C3: 272 | D3: 272 | E3: 833 | F3: 433 | G3: 400 | H3: Weak
A4: B003 | B4: V001 | C4: 273 | D4: 273 | E4: 1084 | F4: 586 | G4: 498 | H4: Weak
A5: B004 | B5: V002 | C5: 402 | D5: 409 | E5: 913 | F5: 497 | G5: 416 | H5: Very Weak
A6: B005 | B6: V002 | C6: 403 | D6: 410 | E6: 890 | F6: 489 | G6: 401 | H6: Very Weak
A7: B006 | B7: V002 | C7: 404 | D7: 411 | E7: 991 | F7: 542 | G7: 449 | H7: Very Weak

Sheet Election_Result_2022
A1: Election_ID | B1: Booth_ID | C1: BJP_Votes | D1: SP_Votes | E1: BSP_Votes
A2: E001 | B2: B001 | C2: 310 | D2: 250 | E2: 120
A3: E002 | B3: B002 | C3: 100 | D3: 270 | E3: 100
A4: E003 | B4: B003 | C4: 180 | D4: 300 | E4: 90
A5: E004 | B5: B004 | C5: 35 | D5: 430 | E5: 98
A6: E005 | B6: B005 | C6: 92 | D6: 356 | E6: 205
A7: E006 | B7: B006 | C7: 15 | D7: 499 | E7: 158

Sheet Caste_Data
A1: Caste_ID | B1: Village_ID | C1: Religion | D1: Caste_Name | E1: Voters
A2: C001 | B2: V001 | C2: Hindu | D2: Kurmi | E2: 65
A3: C002 | B3: V001 | C3: Hindu | D3: Kashyap | E3: 23
A4: C003 | B4: V001 | C4: Hindu | D4: Mourya | E4: 750
A5: C004 | B5: V001 | C5: Hindu | D5: Jatav | E5: 90
A6: C005 | B6: V001 | C6: Hindu | D6: Dhobi | E6: 100
A7: C006 | B7: V001 | C7: Muslim | D7: Others | E7: 60
A8: C007 | B8: V001 | C8: Muslim | D8: Anshari | E8: 1000
A9: C008 | B9: V001 | C9: Muslim | D9: Pathan | E9: 450
A10: C009 | B10: V001 | C10: Muslim | D10: Alvi | E10: 400
A11: C010 | B11: V002 | C11: Hindu | D11: Badhai | E11: 30
A12: C011 | B12: V002 | C12: Hindu | D12: Sahu | E12: 100
A13: C012 | B13: V002 | C13: Hindu | D13: Jatav | E13: 420
... A21: C020 | B21: V003 | C21: Muslim | D21: Dhobi | E21: 44
A22: C021
A23: C022

Sheet Influential_Persons
A1: Person_ID | B1: Village_ID | C1: Name | D1: Role | E1: Mobile | F1: Political_Affiliation | G1: Cast
A2: P001 | B2: V001 | C2: Nasreen | D2: Gram Pradhan | E2: 9568519505 | F2: SP | G2: Anshari
A3: P002 | B3: V001 | C3: Khem Raj | D3: Pradhan Candidate | E3: 8057279190 | F3: BJP | G3: Mourya
A4: P003 | B4: V001 | C4: Faizan | D4: BDC Member | E4: 7819813309 | F4: SP | G4: Anshari
A5: P004 | B5: V001 | C5: Reyaj Ahmad | D5: Pradhan Candidate | E5: 9837015646 | F5: SP | G5: Anshari
A6: P005 | B6: V001 | C6: Raheem Kha | D6: Former Pradhan | E6: 9837386659 | F6: SP | G6: Pathan | I6: =IFERROR(INDEX(A$2:A$7, SMALL(IF($B$2:$B$7=$G$2, ROW($B$2:$B$7)-ROW($B$2)+1), ROW(2:2))), "") | J6: =IFERROR(INDEX(B$2:B$7, SMALL(IF($B$2:$B$7=$G$2, ROW($B$2:$B$7)-ROW($B$2)+1), ROW(2:2))), "") | K6: =IFERROR(INDEX(C$2:C$7, SMALL(IF($B$2:$B$7=$G$2, ROW($B$2:$B$7)-ROW($B$2)+1), ROW(2:2))), "") | L6: =IFERROR(INDEX(D$2:D$7, SMALL(IF($B$2:$B$7=$G$2, ROW($B$2:$B$7)-ROW($B$2)+1), ROW(2:2))), "") | M6: =IFERROR(INDEX(E$2:E$7, SMALL(IF($B$2:$B$7=$G$2, ROW($B$2:$B$7)-ROW($B$2)+1), ROW(2:2))), "") | N6: =IFERROR(INDEX(F$2:F$7, SMALL(IF($B$2:$B$7=$G$2, ROW($B$2:$B$7)-ROW($B$2)+1), ROW(2:2))), "")
A7: P006 | B7: V001 | C7: Ejakat Kha | D7: Kotedar | E7: 9917621151 | F7: SP | G7: Pathan | I7: =IFERROR(INDEX(A$2:A$7, SMALL(IF($B$2:$B$7=$G$2, ROW($B$2:$B$7)-ROW($B$2)+1), ROW(3:3))), "") | J7: =IFERROR(INDEX(B$2:B$7, SMALL(IF($B$2:$B$7=$G$2, ROW($B$2:$B$7)-ROW($B$2)+1), ROW(3:3))), "") | K7: =IFERROR(INDEX(C$2:C$7, SMALL(IF($B$2:$B$7=$G$2, ROW($B$2:$B$7)-ROW($B$2)+1), ROW(3:3))), "") | L7: =IFERROR(INDEX(D$2:D$7, SMALL(IF($B$2:$B$7=$G$2, ROW($B$2:$B$7)-ROW($B$2)+1), ROW(3:3))), "") | M7: =IFERROR(INDEX(E$2:E$7, SMALL(IF($B$2:$B$7=$G$2, ROW($B$2:$B$7)-ROW($B$2)+1), ROW(3:3))), "") | N7: =IFERROR(INDEX(F$2:F$7, SMALL(IF($B$2:$B$7=$G$2, ROW($B$2:$B$7)-ROW($B$2)+1), ROW(3:3))), "")
A8: P007 | B8: V001 | C8: Hmeed Rza Kha | D8: BDC Member | E8: 7248649786 | F8: SP | G8: Anshari | I8: =IFERROR(INDEX(A$2:A$7, SMALL(IF($B$2:$B$7=$G$2, ROW($B$2:$B$7)-ROW($B$2)+1), ROW(4:4))), "") | J8: =IFERROR(INDEX(B$2:B$7, SMALL(IF($B$2:$B$7=$G$2, ROW($B$2:$B$7)-ROW($B$2)+1), ROW(4:4))), "") | K8: =IFERROR(INDEX(C$2:C$7, SMALL(IF($B$2:$B$7=$G$2, ROW($B$2:$B$7)-ROW($B$2)+1), ROW(4:4))), "") | L8: =IFERROR(INDEX(D$2:D$7, SMALL(IF($B$2:$B$7=$G$2, ROW($B$2:$B$7)-ROW($B$2)+1), ROW(4:4))), "") | M8: =IFERROR(INDEX(E$2:E$7, SMALL(IF($B$2:$B$7=$G$2, ROW($B$2:$B$7)-ROW($B$2)+1), ROW(4:4))), "") | N8: =IFERROR(INDEX(F$2:F$7, SMALL(IF($B$2:$B$7=$G$2, ROW($B$2:$B$7)-ROW($B$2)+1), ROW(4:4))), "")
A9: P008 | B9: V001 | C9: Chheda Lal | D9: Influential | E9: 6398301238 | F9: BJP | G9: Mourya | I9: =IFERROR(INDEX(A$2:A$7, SMALL(IF($B$2:$B$7=$G$2, ROW($B$2:$B$7)-ROW($B$2)+1), ROW(5:5))), "") | J9: =IFERROR(INDEX(B$2:B$7, SMALL(IF($B$2:$B$7=$G$2, ROW($B$2:$B$7)-ROW($B$2)+1), ROW(5:5))), "") | K9: =IFERROR(INDEX(C$2:C$7, SMALL(IF($B$2:$B$7=$G$2, ROW($B$2:$B$7)-ROW($B$2)+1), ROW(5:5))), "") | L9: =IFERROR(INDEX(D$2:D$7, SMALL(IF($B$2:$B$7=$G$2, ROW($B$2:$B$7)-ROW($B$2)+1), ROW(5:5))), "") | M9: =IFERROR(INDEX(E$2:E$7, SMALL(IF($B$2:$B$7=$G$2, ROW($B$2:$B$7)-ROW($B$2)+1), ROW(5:5))), "") | N9: =IFERROR(INDEX(F$2:F$7, SMALL(IF($B$2:$B$7=$G$2, ROW($B$2:$B$7)-ROW($B$2)+1), ROW(5:5))), "")
A10: P009 | B10: V001 | C10: Jamuna Prashad | D10: Influential | E10: 7500169804 | F10: BJP | G10: Dhobi
A11: P010 | B11: V001 | C11: Mangle Lal | D11: Influential | E11: 9756613457 | F11: BJP | G11: Mourya
A12: P011 | B12: V001 | C12: Hasnen | D12: Influential | E12: 8433147226 | F12: SP | G12: Pathan
A13: P012 | B13: V001 | C13: Edrees | D13: BDC Candidate | E13: 8077458224 | F13: SP | G13: Anshari
A14: P013 | B14: V002 | C14: ShahaJi Kamal | D14: Pradhan Putr | E14: 9927112874 | F14: SP | G14: Anshari
A15: P014 | B15: V002 | C15: Tarikh Anshari | D15: Kotedar Batije | E15: 9758715612 | F15: SP | G15: Anshari
A16: P015 | B16: V002 | C16: Naresh | D16: BDC | E16: 8439913072 | F16: BJP | G16: Sahu
A17: P016 | B17: V002 | C17: Stya Pal | D17: Tearcher | E17: 7906608522 | F17: BSP | G17: Jatav
A18: P017 | B18: V002 | C18: Mahesh Pal | D18: Medical Store | E18: 9526275587 | F18: BSP | G18: Jatav
A19: P018 | B19: V002 | C19: Ashif Khan | D19: up vijeta Pradhan | E19: 9368506104 | F19: SP | G19: Mevati
A20: P019 | B20: V002 | C20: Naik Ahmad | D20: Kirana Store | E20: 9758599444 | F20: SP | G20: Anshari
A21: P020 | B21: V002 | C21: Nanhe Lal | D21: Influential | E21: 9675112123 | F21: BJP | G21: Sahu
... A23: P022 | B23: V002 | C23: Naseer | D23: Panchayat sahak | E23: 7617554919 | F23: SP | G23: Muslim

Sheet Search
A1: Gram Panchayat Code | B1: Villege Code | C1: Enter Villege Name Or | D1: Enter Villege Code | F1: Gram Panchayat | G1: =IFERROR(INDEX(Gram_Panchayat_Master!$B:$B,MATCH($A$2,Gram_Panchayat_Master!$A:$A,0)),"") -> Nagariya Kalan | H1: All Villege | J1: Total Vote | L1: Total Vote
A2: =IFERROR(IF($D$2<>"",INDEX(Village_Master!$B:$B,MATCH(UPPER($D$2),Village_Master!$A:$A,0)),INDEX(Village_Master!$B:$B,MATCH($C$2,Village_Master!$C:$C,0))),"") -> GP002 | B2: =IFERROR(IF($D$2<>"",INDEX(Village_Master!$A:$A,MATCH(UPPER($D$2),Village_Master!$A:$A,0)),INDEX(Village_Master!$A:$A,MATCH($C$2,Village_Master!$C:$C,0))),"Not Found") -> V002 | D2: V002 | F2: Survy Executives | G2: =IFERROR(INDEX(Gram_Panchayat_Master!$N:$N,MATCH($A$2,Gram_Panchayat_Master!$A:$A,0)),"") -> Vikas,Harsh,Arvind | H2: =IFERROR(INDEX(Village_Master!$C:$C,_xlfn.AGGREGATE(15,6,ROW(Village_Master!$B$2:$B$192)/(Village_Master!$B$2:$B$192=$A$2),ROWS($H$2:H2))),"") -> Nagariya Kalan | I2: Hindu Cast | J2: =SUMPRODUCT((Caste_Data!$B$2:$B$189=$B$2)*(Caste_Data!$C$2:$C$189="Hindu")*(Caste_Data!$E$2:$E$189)) -> 550 | K2: Muslim Cast | L2: =SUMPRODUCT((Caste_Data!$B$2:$B$189=$B$2)*(Caste_Data!$C$2:$C$189="Muslim")*(Caste_Data!$E$2:$E$189)) -> 2200
F3: Tehsil | G3: =IFERROR(INDEX(Gram_Panchayat_Master!$D:$D,MATCH($A$2,Gram_Panchayat_Master!$A:$A,0)),"") -> Bareilly | H3: =IFERROR(INDEX(Village_Master!$C:$C,_xlfn.AGGREGATE(15,6,ROW(Village_Master!$B$2:$B$192)/(Village_Master!$B$2:$B$192=$A$2),ROWS($H$2:H3))),"") | I3: =IFERROR(INDEX(Caste_Data!$D:$D,_xlfn.AGGREGATE(15,6,ROW(Caste_Data!$B$2:$B$189)/((Caste_Data!$B$2:$B$189=$B$2)*(Caste_Data!$C$2:$C$189="Hindu")),ROWS($I$3:I3))),"") -> Badhai | J3: =IF(I3="","",IFERROR(SUMPRODUCT((Caste_Data!$B$2:$B$189=$B$2)*(Caste_Data!$C$2:$C$189="Hindu")*(Caste_Data!$D$2:$D$189=I3)*(Caste_Data!$E$2:$E$189)),0)) -> 30 | K3: =IFERROR(INDEX(Caste_Data!$D:$D,_xlfn.AGGREGATE(15,6,ROW(Caste_Data!$B$2:$B$189)/((Caste_Data!$B$2:$B$189=$B$2)*(Caste_Data!$C$2:$C$189="Muslim")),ROWS($K$3:K3))),"") -> Anshari | L3: =IF(K3="","",IFERROR(SUMPRODUCT((Caste_Data!$B$2:$B$189=$B$2)*(Caste_Data!$C$2:$C$189="Muslim")*(Caste_Data!$D$2:$D$189=K3)*(Caste_Data!$E$2:$E$189)),0)) -> 700
A4: 2022 Result | F4: Vidhan Sabha | G4: =IFERROR(INDEX(Gram_Panchayat_Master!$F:$F,MATCH($A$2,Gram_Panchayat_Master!$A:$A,0)),"") -> Bhojipura | H4: =IFERROR(INDEX(Village_Master!$C:$C,_xlfn.AGGREGATE(15,6,ROW(Village_Master!$B$2:$B$192)/(Village_Master!$B$2:$B$192=$A$2),ROWS($H$2:H4))),"") | I4: =IFERROR(INDEX(Caste_Data!$D:$D,_xlfn.AGGREGATE(15,6,ROW(Caste_Data!$B$2:$B$189)/((Caste_Data!$B$2:$B$189=$B$2)*(Caste_Data!$C$2:$C$189="Hindu")),ROWS($I$3:I4))),"") -> Sahu | J4: =IF(I4="","",IFERROR(SUMPRODUCT((Caste_Data!$B$2:$B$189=$B$2)*(Caste_Data!$C$2:$C$189="Hindu")*(Caste_Data!$D$2:$D$189=I4)*(Caste_Data!$E$2:$E$189)),0)) -> 100 | K4: =IFERROR(INDEX(Caste_Data!$D:$D,_xlfn.AGGREGATE(15,6,ROW(Caste_Data!$B$2:$B$189)/((Caste_Data!$B$2:$B$189=$B$2)*(Caste_Data!$C$2:$C$189="Muslim")),ROWS($K$3:K4))),"") -> Alvi | L4: =IF(K4="","",IFERROR(SUMPRODUCT((Caste_Data!$B$2:$B$189=$B$2)*(Caste_Data!$C$2:$C$189="Muslim")*(Caste_Data!$D$2:$D$189=K4)*(Caste_Data!$E$2:$E$189)),0)) -> 550
A5: Old Both | B5: BJP | C5: SP | D5: BSP | F5: Present Situation | G5: =IFERROR(INDEX(Gram_Panchayat_Master!$K:$K,MATCH($A$2,Gram_Panchayat_Master!$A:$A,0)),"") -> SP | H5: =IFERROR(INDEX(Village_Master!$C:$C,_xlfn.AGGREGATE(15,6,ROW(Village_Master!$B$2:$B$192)/(Village_Master!$B$2:$B$192=$A$2),ROWS($H$2:H5))),"") | I5: =IFERROR(INDEX(Caste_Data!$D:$D,_xlfn.AGGREGATE(15,6,ROW(Caste_Data!$B$2:$B$189)/((Caste_Data!$B$2:$B$189=$B$2)*(Caste_Data!$C$2:$C$189="Hindu")),ROWS($I$3:I5))),"") -> Jatav | J5: =IF(I5="","",IFERROR(SUMPRODUCT((Caste_Data!$B$2:$B$189=$B$2)*(Caste_Data!$C$2:$C$189="Hindu")*(Caste_Data!$D$2:$D$189=I5)*(Caste_Data!$E$2:$E$189)),0)) -> 420 | K5: =IFERROR(INDEX(Caste_Data!$D:$D,_xlfn.AGGREGATE(15,6,ROW(Caste_Data!$B$2:$B$189)/((Caste_Data!$B$2:$B$189=$B$2)*(Caste_Data!$C$2:$C$189="Muslim")),ROWS($K$3:K5))),"") -> Mevati | L5: =IF(K5="","",IFERROR(SUMPRODUCT((Caste_Data!$B$2:$B$189=$B$2)*(Caste_Data!$C$2:$C$189="Muslim")*(Caste_Data!$D$2:$D$189=K5)*(Caste_Data!$E$2:$E$189)),0)) -> 650
A6: =IFERROR(INDEX(Booth_Master!$C:$C,_xlfn.AGGREGATE(15,6,ROW(Booth_Master!$B$2:$B$200)/(Booth_Master!$B$2:$B$200=$B$2),ROWS($A$6:A6))),"") -> 402 | B6: =IFERROR(INDEX(Election_Result_2022!$C:$C,MATCH(INDEX(Booth_Master!$A:$A,_xlfn.AGGREGATE(15,6,ROW(Booth_Master!$B$2:$B$200)/(Booth_Master!$B$2:$B$200=$B$2),ROWS($A$6:A6))),Election_Result_2022!$B:$B,0)),"") -> 35 | C6: =IFERROR(INDEX(Election_Result_2022!$D:$D,MATCH(INDEX(Booth_Master!$A:$A,_xlfn.AGGREGATE(15,6,ROW(Booth_Master!$B$2:$B$200)/(Booth_Master!$B$2:$B$200=$B$2),ROWS($A$6:A6))),Election_Result_2022!$B:$B,0)),"") -> 430 | D6: =IFERROR(INDEX(Election_Result_2022!$E:$E,MATCH(INDEX(Booth_Master!$A:$A,_xlfn.AGGREGATE(15,6,ROW(Booth_Master!$B$2:$B$200)/(Booth_Master!$B$2:$B$200=$B$2),ROWS($A$6:A6))),Election_Result_2022!$B:$B,0)),"") -> 98 | F6: SC Toword | G6: =IFERROR(INDEX(Gram_Panchayat_Master!$L:$L,MATCH($A$2,Gram_Panchayat_Master!$A:$A,0)),"") -> BSP | H6: =IFERROR(INDEX(Village_Master!$C:$C,_xlfn.AGGREGATE(15,6,ROW(Village_Master!$B$2:$B$192)/(Village_Master!$B$2:$B$192=$A$2),ROWS($H$2:H6))),"") | I6: =IFERROR(INDEX(Caste_Data!$D:$D,_xlfn.AGGREGATE(15,6,ROW(Caste_Data!$B$2:$B$189)/((Caste_Data!$B$2:$B$189=$B$2)*(Caste_Data!$C$2:$C$189="Hindu")),ROWS($I$3:I6))),"") | J6: =IF(I6="","",IFERROR(SUMPRODUCT((Caste_Data!$B$2:$B$189=$B$2)*(Caste_Data!$C$2:$C$189="Hindu")*(Caste_Data!$D$2:$D$189=I6)*(Caste_Data!$E$2:$E$189)),0)) | K6: =IFERROR(INDEX(Caste_Data!$D:$D,_xlfn.AGGREGATE(15,6,ROW(Caste_Data!$B$2:$B$189)/((Caste_Data!$B$2:$B$189=$B$2)*(Caste_Data!$C$2:$C$189="Muslim")),ROWS($K$3:K6))),"") -> Salmani | L6: =IF(K6="","",IFERROR(SUMPRODUCT((Caste_Data!$B$2:$B$189=$B$2)*(Caste_Data!$C$2:$C$189="Muslim")*(Caste_Data!$D$2:$D$189=K6)*(Caste_Data!$E$2:$E$189)),0)) -> 90
A7: =IFERROR(INDEX(Booth_Master!$C:$C,_xlfn.AGGREGATE(15,6,ROW(Booth_Master!$B$2:$B$200)/(Booth_Master!$B$2:$B$200=$B$2),ROWS($A$6:A7))),"") -> 403 | B7: =IFERROR(INDEX(Election_Result_2022!$C:$C,MATCH(INDEX(Booth_Master!$A:$A,_xlfn.AGGREGATE(15,6,ROW(Booth_Master!$B$2:$B$200)/(Booth_Master!$B$2:$B$200=$B$2),ROWS($A$6:A7))),Election_Result_2022!$B:$B,0)),"") -> 92 | C7: =IFERROR(INDEX(Election_Result_2022!$D:$D,MATCH(INDEX(Booth_Master!$A:$A,_xlfn.AGGREGATE(15,6,ROW(Booth_Master!$B$2:$B$200)/(Booth_Master!$B$2:$B$200=$B$2),ROWS($A$6:A7))),Election_Result_2022!$B:$B,0)),"") -> 356 | D7: =IFERROR(INDEX(Election_Result_2022!$E:$E,MATCH(INDEX(Booth_Master!$A:$A,_xlfn.AGGREGATE(15,6,ROW(Booth_Master!$B$2:$B$200)/(Booth_Master!$B$2:$B$200=$B$2),ROWS($A$6:A7))),Election_Result_2022!$B:$B,0)),"") -> 205 | F7: Form Photo | G7: =IFERROR(HYPERLINK(INDEX(Gram_Panchayat_Master!$M:$M,MATCH($A$2,Gram_Panchayat_Master!$A:$A,0)),INDEX(Gram_Panchayat_Master!$M:$M,MATCH($A$2,Gram_Panchayat_Master!$A:$A,0))),"") -> Bithri Chainpur | H7: =IFERROR(INDEX(Village_Master!$C:$C,_xlfn.AGGREGATE(15,6,ROW(Village_Master!$B$2:$B$192)/(Village_Master!$B$2:$B$192=$A$2),ROWS($H$2:H7))),"") | I7: =IFERROR(INDEX(Caste_Data!$D:$D,_xlfn.AGGREGATE(15,6,ROW(Caste_Data!$B$2:$B$189)/((Caste_Data!$B$2:$B$189=$B$2)*(Caste_Data!$C$2:$C$189="Hindu")),ROWS($I$3:I7))),"") | J7: =IF(I7="","",IFERROR(SUMPRODUCT((Caste_Data!$B$2:$B$189=$B$2)*(Caste_Data!$C$2:$C$189="Hindu")*(Caste_Data!$D$2:$D$189=I7)*(Caste_Data!$E$2:$E$189)),0)) | K7: =IFERROR(INDEX(Caste_Data!$D:$D,_xlfn.AGGREGATE(15,6,ROW(Caste_Data!$B$2:$B$189)/((Caste_Data!$B$2:$B$189=$B$2)*(Caste_Data!$C$2:$C$189="Muslim")),ROWS($K$3:K7))),"") -> Mansuri | L7: =IF(K7="","",IFERROR(SUMPRODUCT((Caste_Data!$B$2:$B$189=$B$2)*(Caste_Data!$C$2:$C$189="Muslim")*(Caste_Data!$D$2:$D$189=K7)*(Caste_Data!$E$2:$E$189)),0)) -> 70
A8: =IFERROR(INDEX(Booth_Master!$C:$C,_xlfn.AGGREGATE(15,6,ROW(Booth_Master!$B$2:$B$200)/(Booth_Master!$B$2:$B$200=$B$2),ROWS($A$6:A8))),"") -> 404 | B8: =IFERROR(INDEX(Election_Result_2022!$C:$C,MATCH(INDEX(Booth_Master!$A:$A,_xlfn.AGGREGATE(15,6,ROW(Booth_Master!$B$2:$B$200)/(Booth_Master!$B$2:$B$200=$B$2),ROWS($A$6:A8))),Election_Result_2022!$B:$B,0)),"") -> 15 | C8: =IFERROR(INDEX(Election_Result_2022!$D:$D,MATCH(INDEX(Booth_Master!$A:$A,_xlfn.AGGREGATE(15,6,ROW(Booth_Master!$B$2:$B$200)/(Booth_Master!$B$2:$B$200=$B$2),ROWS($A$6:A8))),Election_Result_2022!$B:$B,0)),"") -> 499 | D8: =IFERROR(INDEX(Election_Result_2022!$E:$E,MATCH(INDEX(Booth_Master!$A:$A,_xlfn.AGGREGATE(15,6,ROW(Booth_Master!$B$2:$B$200)/(Booth_Master!$B$2:$B$200=$B$2),ROWS($A$6:A8))),Election_Result_2022!$B:$B,0)),"") -> 158 | F8: Block | G8: =IFERROR(INDEX(Gram_Panchayat_Master!$C:$C,MATCH($A$2,Gram_Panchayat_Master!$A:$A,0)),"") -> Bithri Chainpur | H8: =IFERROR(INDEX(Village_Master!$C:$C,_xlfn.AGGREGATE(15,6,ROW(Village_Master!$B$2:$B$192)/(Village_Master!$B$2:$B$192=$A$2),ROWS($H$2:H8))),"") | J8: =IF(I8="","",IFERROR(SUMPRODUCT((Caste_Data!$B$2:$B$189=$B$2)*(Caste_Data!$C$2:$C$189="Hindu")*(Caste_Data!$D$2:$D$189=I8)*(Caste_Data!$E$2:$E$189)),0)) | K8: =IFERROR(INDEX(Caste_Data!$D:$D,_xlfn.AGGREGATE(15,6,ROW(Caste_Data!$B$2:$B$189)/((Caste_Data!$B$2:$B$189=$B$2)*(Caste_Data!$C$2:$C$189="Muslim")),ROWS($K$3:K8))),"") -> Lohar | L8: =IF(K8="","",IFERROR(SUMPRODUCT((Caste_Data!$B$2:$B$189=$B$2)*(Caste_Data!$C$2:$C$189="Muslim")*(Caste_Data!$D$2:$D$189=K8)*(Caste_Data!$E$2:$E$189)),0)) -> 80
A9: =IFERROR(INDEX(Booth_Master!$C:$C,_xlfn.AGGREGATE(15,6,ROW(Booth_Master!$B$2:$B$200)/(Booth_Master!$B$2:$B$200=$B$2),ROWS($A$6:A9))),"") | B9: =IFERROR(INDEX(Election_Result_2022!$C:$C,MATCH(INDEX(Booth_Master!$A:$A,_xlfn.AGGREGATE(15,6,ROW(Booth_Master!$B$2:$B$200)/(Booth_Master!$B$2:$B$200=$B$2),ROWS($A$6:A9))),Election_Result_2022!$B:$B,0)),"") | C9: =IFERROR(INDEX(Election_Result_2022!$D:$D,MATCH(INDEX(Booth_Master!$A:$A,_xlfn.AGGREGATE(15,6,ROW(Booth_Master!$B$2:$B$200)/(Booth_Master!$B$2:$B$200=$B$2),ROWS($A$6:A9))),Election_Result_2022!$B:$B,0)),"") | D9: =IFERROR(INDEX(Election_Result_2022!$E:$E,MATCH(INDEX(Booth_Master!$A:$A,_xlfn.AGGREGATE(15,6,ROW(Booth_Master!$B$2:$B$200)/(Booth_Master!$B$2:$B$200=$B$2),ROWS($A$6:A9))),Election_Result_2022!$B:$B,0)),"") | E9: =IFERROR(INDEX(Booth_Master!$H:$H,_xlfn.AGGREGATE(15,6,ROW(Booth_Master!$B$2:$B$200)/(Booth_Master!$B$2:$B$200=$B$2),ROWS($A$6:A9))),"") | F9: 2022 Voting | G9: =((B11+C11+D11)*100)/D20 -> 67.573372 | H9: =IFERROR(INDEX(Village_Master!$C:$C,_xlfn.AGGREGATE(15,6,ROW(Village_Master!$B$2:$B$192)/(Village_Master!$B$2:$B$192=$A$2),ROWS($H$2:H9))),"") | I9: =IFERROR(INDEX(Caste_Data!$D:$D,_xlfn.AGGREGATE(15,6,ROW(Caste_Data!$B$2:$B$189)/((Caste_Data!$B$2:$B$189=$B$2)*(Caste_Data!$C$2:$C$189="Hindu")),ROWS($I$3:I9))),"") | J9: =IF(I9="","",IFERROR(SUMPRODUCT((Caste_Data!$B$2:$B$189=$B$2)*(Caste_Data!$C$2:$C$189="Hindu")*(Caste_Data!$D$2:$D$189=I9)*(Caste_Data!$E$2:$E$189)),0)) | K9: =IFERROR(INDEX(Caste_Data!$D:$D,_xlfn.AGGREGATE(15,6,ROW(Caste_Data!$B$2:$B$189)/((Caste_Data!$B$2:$B$189=$B$2)*(Caste_Data!$C$2:$C$189="Muslim")),ROWS($K$3:K9))),"") -> Nai | L9: =IF(K9="","",IFERROR(SUMPRODUCT((Caste_Data!$B$2:$B$189=$B$2)*(Caste_Data!$C$2:$C$189="Muslim")*(Caste_Data!$D$2:$D$189=K9)*(Caste_Data!$E$2:$E$189)),0)) -> 60
A10: =IFERROR(INDEX(Booth_Master!$C:$C,_xlfn.AGGREGATE(15,6,ROW(Booth_Master!$B$2:$B$200)/(Booth_Master!$B$2:$B$200=$B$2),ROWS($A$6:A10))),"") | B10: =IFERROR(INDEX(Election_Result_2022!$C:$C,MATCH(INDEX(Booth_Master!$A:$A,_xlfn.AGGREGATE(15,6,ROW(Booth_Master!$B$2:$B$200)/(Booth_Master!$B$2:$B$200=$B$2),ROWS($A$6:A10))),Election_Result_2022!$B:$B,0)),"") | C10: =IFERROR(INDEX(Election_Result_2022!$D:$D,MATCH(INDEX(Booth_Master!$A:$A,_xlfn.AGGREGATE(15,6,ROW(Booth_Master!$B$2:$B$200)/(Booth_Master!$B$2:$B$200=$B$2),ROWS($A$6:A10))),Election_Result_2022!$B:$B,0)),"") | D10: =IFERROR(INDEX(Election_Result_2022!$E:$E,MATCH(INDEX(Booth_Master!$A:$A,_xlfn.AGGREGATE(15,6,ROW(Booth_Master!$B$2:$B$200)/(Booth_Master!$B$2:$B$200=$B$2),ROWS($A$6:A10))),Election_Result_2022!$B:$B,0)),"") | E10: =IFERROR(INDEX(Booth_Master!$H:$H,_xlfn.AGGREGATE(15,6,ROW(Booth_Master!$B$2:$B$200)/(Booth_Master!$B$2:$B$200=$B$2),ROWS($A$6:A10))),"") | H10: =IFERROR(INDEX(Village_Master!$C:$C,_xlfn.AGGREGATE(15,6,ROW(Village_Master!$B$2:$B$192)/(Village_Master!$B$2:$B$192=$A$2),ROWS($H$2:H10))),"") | I10: =IFERROR(INDEX(Caste_Data!$D:$D,_xlfn.AGGREGATE(15,6,ROW(Caste_Data!$B$2:$B$189)/((Caste_Data!$B$2:$B$189=$B$2)*(Caste_Data!$C$2:$C$189="Hindu")),ROWS($I$3:I10))),"") | J10: =IF(I10="","",IFERROR(SUMPRODUCT((Caste_Data!$B$2:$B$189=$B$2)*(Caste_Data!$C$2:$C$189="Hindu")*(Caste_Data!$D$2:$D$189=I10)*(Caste_Data!$E$2:$E$189)),0)) | K10: =IFERROR(INDEX(Caste_Data!$D:$D,_xlfn.AGGREGATE(15,6,ROW(Caste_Data!$B$2:$B$189)/((Caste_Data!$B$2:$B$189=$B$2)*(Caste_Data!$C$2:$C$189="Muslim")),ROWS($K$3:K10))),"") | L10: =IF(K10="","",IFERROR(SUMPRODUCT((Caste_Data!$B$2:$B$189=$B$2)*(Caste_Data!$C$2:$C$189="Muslim")*(Caste_Data!$D$2:$D$189=K10)*(Caste_Data!$E$2:$E$189)),0))
A11: Total | B11: =SUM(B6:B10) -> 142 | C11: =SUM(C6:C10) -> 1285 | D11: =SUM(D6:D10) -> 461 | I11: =IFERROR(INDEX(Caste_Data!$D:$D,_xlfn.AGGREGATE(15,6,ROW(Caste_Data!$B$2:$B$189)/((Caste_Data!$B$2:$B$189=$B$2)*(Caste_Data!$C$2:$C$189="Hindu")),ROWS($I$3:I11))),"") | J11: =IF(I11="","",IFERROR(SUMPRODUCT((Caste_Data!$B$2:$B$189=$B$2)*(Caste_Data!$C$2:$C$189="Hindu")*(Caste_Data!$D$2:$D$189=I11)*(Caste_Data!$E$2:$E$189)),0)) | K11: =IFERROR(INDEX(Caste_Data!$D:$D,_xlfn.AGGREGATE(15,6,ROW(Caste_Data!$B$2:$B$189)/((Caste_Data!$B$2:$B$189=$B$2)*(Caste_Data!$C$2:$C$189="Muslim")),ROWS($K$3:K11))),"") | L11: =IF(K11="","",IFERROR(SUMPRODUCT((Caste_Data!$B$2:$B$189=$B$2)*(Caste_Data!$C$2:$C$189="Muslim")*(Caste_Data!$D$2:$D$189=K11)*(Caste_Data!$E$2:$E$189)),0))
I12: =IFERROR(INDEX(Caste_Data!$D:$D,_xlfn.AGGREGATE(15,6,ROW(Caste_Data!$B$2:$B$189)/((Caste_Data!$B$2:$B$189=$B$2)*(Caste_Data!$C$2:$C$189="Hindu")),ROWS($I$3:I12))),"") | J12: =IF(I12="","",IFERROR(SUMPRODUCT((Caste_Data!$B$2:$B$189=$B$2)*(Caste_Data!$C$2:$C$189="Hindu")*(Caste_Data!$D$2:$D$189=I12)*(Caste_Data!$E$2:$E$189)),0)) | K12: =IFERROR(INDEX(Caste_Data!$D:$D,_xlfn.AGGREGATE(15,6,ROW(Caste_Data!$B$2:$B$189)/((Caste_Data!$B$2:$B$189=$B$2)*(Caste_Data!$C$2:$C$189="Muslim")),ROWS($K$3:K12))),"") | L12: =IF(K12="","",IFERROR(SUMPRODUCT((Caste_Data!$B$2:$B$189=$B$2)*(Caste_Data!$C$2:$C$189="Muslim")*(Caste_Data!$D$2:$D$189=K12)*(Caste_Data!$E$2:$E$189)),0))
A13: Total Voter Both wise
A14: New Both | B14: Male | C14: Female | D14: Total | E14: Both | F14: Muslim Vote devidation
A15: =IFERROR(INDEX(Booth_Master!$D:$D,_xlfn.AGGREGATE(15,6,ROW(Booth_Master!$B$2:$B$200)/(Booth_Master!$B$2:$B$200=$B$2),ROWS($A$6:A6))),"") -> 409 | B15: =IFERROR(IF(A15="","",INDEX(Booth_Master!$F:$F,MATCH(A15,Booth_Master!$D:$D,0))),"") -> 497 | C15: =IFERROR(IF(A15="","",INDEX(Booth_Master!$G:$G,MATCH(A15,Booth_Master!$D:$D,0))),"") -> 416 | D15: =IFERROR(IF(A15="","",INDEX(Booth_Master!$E:$E,MATCH(A15,Booth_Master!$D:$D,0))),"") -> 913 | E15: =IFERROR(INDEX(Booth_Master!$H:$H,_xlfn.AGGREGATE(15,6,ROW(Booth_Master!$B$2:$B$200)/(Booth_Master!$B$2:$B$200=$B$2),ROWS($A$6:A6))),"") -> Very Weak | F15: =IFERROR(INDEX(Gram_Panchayat_Master!$J:$J,MATCH($A$2,Gram_Panchayat_Master!$A:$A,0)),"") -> सुल्तान बेग जी को जायदा वोट मिलेंगे क्योकि सहजील से लोग नाराज है
A16: =IFERROR(INDEX(Booth_Master!$D:$D,_xlfn.AGGREGATE(15,6,ROW(Booth_Master!$B$2:$B$200)/(Booth_Master!$B$2:$B$200=$B$2),ROWS($A$6:A7))),"") -> 410 | B16: =IFERROR(IF(A16="","",INDEX(Booth_Master!$F:$F,MATCH(A16,Booth_Master!$D:$D,0))),"") -> 489 | C16: =IFERROR(IF(A16="","",INDEX(Booth_Master!$G:$G,MATCH(A16,Booth_Master!$D:$D,0))),"") -> 401 | D16: =IFERROR(IF(A16="","",INDEX(Booth_Master!$E:$E,MATCH(A16,Booth_Master!$D:$D,0))),"") -> 890 | E16: =IFERROR(INDEX(Booth_Master!$H:$H,_xlfn.AGGREGATE(15,6,ROW(Booth_Master!$B$2:$B$200)/(Booth_Master!$B$2:$B$200=$B$2),ROWS($A$6:A7))),"") -> Very Weak
A17: =IFERROR(INDEX(Booth_Master!$D:$D,_xlfn.AGGREGATE(15,6,ROW(Booth_Master!$B$2:$B$200)/(Booth_Master!$B$2:$B$200=$B$2),ROWS($A$6:A8))),"") -> 411 | B17: =IFERROR(IF(A17="","",INDEX(Booth_Master!$F:$F,MATCH(A17,Booth_Master!$D:$D,0))),"") -> 542 | C17: =IFERROR(IF(A17="","",INDEX(Booth_Master!$G:$G,MATCH(A17,Booth_Master!$D:$D,0))),"") -> 449 | D17: =IFERROR(IF(A17="","",INDEX(Booth_Master!$E:$E,MATCH(A17,Booth_Master!$D:$D,0))),"") -> 991 | E17: =IFERROR(INDEX(Booth_Master!$H:$H,_xlfn.AGGREGATE(15,6,ROW(Booth_Master!$B$2:$B$200)/(Booth_Master!$B$2:$B$200=$B$2),ROWS($A$6:A8))),"") -> Very Weak
A18: =IFERROR(INDEX(Booth_Master!$D:$D,_xlfn.AGGREGATE(15,6,ROW(Booth_Master!$B$2:$B$200)/(Booth_Master!$B$2:$B$200=$B$2),ROWS($A$6:A9))),"") | B18: =IFERROR(IF(A18="","",INDEX(Booth_Master!$F:$F,MATCH(A18,Booth_Master!$D:$D,0))),"") | C18: =IFERROR(IF(A18="","",INDEX(Booth_Master!$G:$G,MATCH(A18,Booth_Master!$D:$D,0))),"") | D18: =IFERROR(IF(A18="","",INDEX(Booth_Master!$E:$E,MATCH(A18,Booth_Master!$D:$D,0))),"")
A19: =IFERROR(INDEX(Booth_Master!$D:$D,_xlfn.AGGREGATE(15,6,ROW(Booth_Master!$B$2:$B$200)/(Booth_Master!$B$2:$B$200=$B$2),ROWS($A$6:A10))),"") | B19: =IFERROR(IF(A19="","",INDEX(Booth_Master!$F:$F,MATCH(A19,Booth_Master!$D:$D,0))),"") | C19: =IFERROR(IF(A19="","",INDEX(Booth_Master!$G:$G,MATCH(A19,Booth_Master!$D:$D,0))),"") | D19: =IFERROR(IF(A19="","",INDEX(Booth_Master!$E:$E,MATCH(A19,Booth_Master!$D:$D,0))),"") | F19: Bihavior Of Prashant Patel
A20: Total | B20: =IF(COUNTA(B15:B19)=0,"",SUM(B15:B19)) -> 1528 | C20: =IF(COUNTA(C15:C19)=0,"",SUM(C15:C19)) -> 1266 | D20: =IF(COUNTA(D15:D19)=0,"",SUM(D15:D19)) -> 2794 | F20: =IFERROR(INDEX(Gram_Panchayat_Master!$G:$G,MATCH($A$2,Gram_Panchayat_Master!$A:$A,0)),"") -> लोग कम जानते है और आते भी नहीं है इधर लोगो का कहना है
A22: Person_ID | B22: Name | C22: Role | D22: Mobile | E22: Political Affiliation
A23: =IFERROR(INDEX(Influential_Persons!$A:$A,_xlfn.AGGREGATE(15,6,ROW(Influential_Persons!$B$2:$B$199)/(Influential_Persons!$B$2:$B$199=$B$2),ROWS($A$23:A23))),"") -> P013 | B23: =IF($A23="","",INDEX(Influential_Persons!$C:$C,MATCH($A23,Influential_Persons!$A:$A,0))) -> ShahaJi Kamal | C23: =IF($A23="","",INDEX(Influential_Persons!$D:$D,MATCH($A23,Influential_Persons!$A:$A,0))) -> Pradhan Putr | D23: =IF($A23="","",INDEX(Influential_Persons!$E:$E,MATCH($A23,Influential_Persons!$A:$A,0))) -> 9927112874 | E23: =IF($A23="","",INDEX(Influential_Persons!$F:$F,MATCH($A23,Influential_Persons!$A:$A,0))) -> SP | F23: मुख्य_समस्या
A24: =IFERROR(INDEX(Influential_Persons!$A:$A,_xlfn.AGGREGATE(15,6,ROW(Influential_Persons!$B$2:$B$199)/(Influential_Persons!$B$2:$B$199=$B$2),ROWS($A$23:A24))),"") -> P014 | B24: =IF($A24="","",INDEX(Influential_Persons!$C:$C,MATCH($A24,Influential_Persons!$A:$A,0))) -> Tarikh Anshari | C24: =IF($A24="","",INDEX(Influential_Persons!$D:$D,MATCH($A24,Influential_Persons!$A:$A,0))) -> Kotedar Batije | D24: =IF($A24="","",INDEX(Influential_Persons!$E:$E,MATCH($A24,Influential_Persons!$A:$A,0))) -> 9758715612 | E24: =IF($A24="","",INDEX(Influential_Persons!$F:$F,MATCH($A24,Influential_Persons!$A:$A,0))) -> SP | F24: =IFERROR(INDEX(Gram_Panchayat_Master!$H:$H,MATCH($A$2,Gram_Panchayat_Master!$A:$A,0)),"") -> रलवे लायन से लेकर नन्युआ साईकिल बाले के घर तक रोड ख़राब है (नईक,सत्यपाल) कूड़ा दान का कोई रास्ता नहीं है प्रयोग नहीं कर सकते(महेस)
A25: =IFERROR(INDEX(Influential_Persons!$A:$A,_xlfn.AGGREGATE(15,6,ROW(Influential_Persons!$B$2:$B$199)/(Influential_Persons!$B$2:$B$199=$B$2),ROWS($A$23:A25))),"") -> P015 | B25: =IF($A25="","",INDEX(Influential_Persons!$C:$C,MATCH($A25,Influential_Persons!$A:$A,0))) -> Naresh | C25: =IF($A25="","",INDEX(Influential_Persons!$D:$D,MATCH($A25,Influential_Persons!$A:$A,0))) -> BDC | D25: =IF($A25="","",INDEX(Influential_Persons!$E:$E,MATCH($A25,Influential_Persons!$A:$A,0))) -> 8439913072 | E25: =IF($A25="","",INDEX(Influential_Persons!$F:$F,MATCH($A25,Influential_Persons!$A:$A,0))) -> BJP
A26: =IFERROR(INDEX(Influential_Persons!$A:$A,_xlfn.AGGREGATE(15,6,ROW(Influential_Persons!$B$2:$B$199)/(Influential_Persons!$B$2:$B$199=$B$2),ROWS($A$23:A26))),"") -> P016 | B26: =IF($A26="","",INDEX(Influential_Persons!$C:$C,MATCH($A26,Influential_Persons!$A:$A,0))) -> Stya Pal | C26: =IF($A26="","",INDEX(Influential_Persons!$D:$D,MATCH($A26,Influential_Persons!$A:$A,0))) -> Tearcher | D26: =IF($A26="","",INDEX(Influential_Persons!$E:$E,MATCH($A26,Influential_Persons!$A:$A,0))) -> 7906608522 | E26: =IF($A26="","",INDEX(Influential_Persons!$F:$F,MATCH($A26,Influential_Persons!$A:$A,0))) -> BSP
A27: =IFERROR(INDEX(Influential_Persons!$A:$A,_xlfn.AGGREGATE(15,6,ROW(Influential_Persons!$B$2:$B$199)/(Influential_Persons!$B$2:$B$199=$B$2),ROWS($A$23:A27))),"") -> P017 | B27: =IF($A27="","",INDEX(Influential_Persons!$C:$C,MATCH($A27,Influential_Persons!$A:$A,0))) -> Mahesh Pal | C27: =IF($A27="","",INDEX(Influential_Persons!$D:$D,MATCH($A27,Influential_Persons!$A:$A,0))) -> Medical Store | D27: =IF($A27="","",INDEX(Influential_Persons!$E:$E,MATCH($A27,Influential_Persons!$A:$A,0))) -> 9526275587 | E27: =IF($A27="","",INDEX(Influential_Persons!$F:$F,MATCH($A27,Influential_Persons!$A:$A,0))) -> BSP
A28: =IFERROR(INDEX(Influential_Persons!$A:$A,_xlfn.AGGREGATE(15,6,ROW(Influential_Persons!$B$2:$B$199)/(Influential_Persons!$B$2:$B$199=$B$2),ROWS($A$23:A28))),"") -> P018 | B28: =IF($A28="","",INDEX(Influential_Persons!$C:$C,MATCH($A28,Influential_Persons!$A:$A,0))) -> Ashif Khan | C28: =IF($A28="","",INDEX(Influential_Persons!$D:$D,MATCH($A28,Influential_Persons!$A:$A,0))) -> up vijeta Pradhan | D28: =IF($A28="","",INDEX(Influential_Persons!$E:$E,MATCH($A28,Influential_Persons!$A:$A,0))) -> 9368506104 | E28: =IF($A28="","",INDEX(Influential_Persons!$F:$F,MATCH($A28,Influential_Persons!$A:$A,0))) -> SP | F28: विशेष_टिप्पणी
A29: =IFERROR(INDEX(Influential_Persons!$A:$A,_xlfn.AGGREGATE(15,6,ROW(Influential_Persons!$B$2:$B$199)/(Influential_Persons!$B$2:$B$199=$B$2),ROWS($A$23:A29))),"") -> P019 | B29: =IF($A29="","",INDEX(Influential_Persons!$C:$C,MATCH($A29,Influential_Persons!$A:$A,0))) -> Naik Ahmad | C29: =IF($A29="","",INDEX(Influential_Persons!$D:$D,MATCH($A29,Influential_Persons!$A:$A,0))) -> Kirana Store | D29: =IF($A29="","",INDEX(Influential_Persons!$E:$E,MATCH($A29,Influential_Persons!$A:$A,0))) -> 9758599444 | E29: =IF($A29="","",INDEX(Influential_Persons!$F:$F,MATCH($A29,Influential_Persons!$A:$A,0))) -> SP | F29: =IFERROR(INDEX(Gram_Panchayat_Master!$I:$I,MATCH($A$2,Gram_Panchayat_Master!$A:$A,0)),"") -> जाटव समाज में सत्यपाल मास्टर के पुराने बाले माकन की गली में पानी का निकास नहीं है क्योकि बहार बाला रोड ऊचा है तो बहुत समस्या है अभी सभी को
A30: =IFERROR(INDEX(Influential_Persons!$A:$A,_xlfn.AGGREGATE(15,6,ROW(Influential_Persons!$B$2:$B$199)/(Influential_Persons!$B$2:$B$199=$B$2),ROWS($A$23:A30))),"") -> P020 | B30: =IF($A30="","",INDEX(Influential_Persons!$C:$C,MATCH($A30,Influential_Persons!$A:$A,0))) -> Nanhe Lal | C30: =IF($A30="","",INDEX(Influential_Persons!$D:$D,MATCH($A30,Influential_Persons!$A:$A,0))) -> Influential | D30: =IF($A30="","",INDEX(Influential_Persons!$E:$E,MATCH($A30,Influential_Persons!$A:$A,0))) -> 9675112123 | E30: =IF($A30="","",INDEX(Influential_Persons!$F:$F,MATCH($A30,Influential_Persons!$A:$A,0))) -> BJP
A31: =IFERROR(INDEX(Influential_Persons!$A:$A,_xlfn.AGGREGATE(15,6,ROW(Influential_Persons!$B$2:$B$199)/(Influential_Persons!$B$2:$B$199=$B$2),ROWS($A$23:A31))),"") -> P021 | B31: =IF($A31="","",INDEX(Influential_Persons!$C:$C,MATCH($A31,Influential_Persons!$A:$A,0))) -> Raghunath | C31: =IF($A31="","",INDEX(Influential_Persons!$D:$D,MATCH($A31,Influential_Persons!$A:$A,0))) -> Influential | D31: =IF($A31="","",INDEX(Influential_Persons!$E:$E,MATCH($A31,Influential_Persons!$A:$A,0))) -> 7500125982 | E31: =IF($A31="","",INDEX(Influential_Persons!$F:$F,MATCH($A31,Influential_Persons!$A:$A,0))) -> BSP
A32: =IFERROR(INDEX(Influential_Persons!$A:$A,_xlfn.AGGREGATE(15,6,ROW(Influential_Persons!$B$2:$B$199)/(Influential_Persons!$B$2:$B$199=$B$2),ROWS($A$23:A32))),"") -> P022 | B32: =IF($A32="","",INDEX(Influential_Persons!$C:$C,MATCH($A32,Influential_Persons!$A:$A,0))) -> Naseer | C32: =IF($A32="","",INDEX(Influential_Persons!$D:$D,MATCH($A32,Influential_Persons!$A:$A,0))) -> Panchayat sahak | D32: =IF($A32="","",INDEX(Influential_Persons!$E:$E,MATCH($A32,Influential_Persons!$A:$A,0))) -> 7617554919 | E32: =IF($A32="","",INDEX(Influential_Persons!$F:$F,MATCH($A32,Influential_Persons!$A:$A,0))) -> SP
A33: =IFERROR(INDEX(Influential_Persons!$A:$A,_xlfn.AGGREGATE(15,6,ROW(Influential_Persons!$B$2:$B$199)/(Influential_Persons!$B$2:$B$199=$B$2),ROWS($A$23:A33))),"") | B33: =IF($A33="","",INDEX(Influential_Persons!$C:$C,MATCH($A33,Influential_Persons!$A:$A,0))) | C33: =IF($A33="","",INDEX(Influential_Persons!$D:$D,MATCH($A33,Influential_Persons!$A:$A,0))) | D33: =IF($A33="","",INDEX(Influential_Persons!$E:$E,MATCH($A33,Influential_Persons!$A:$A,0))) | E33: =IF($A33="","",INDEX(Influential_Persons!$F:$F,MATCH($A33,Influential_Persons!$A:$A,0)))
A34: =IFERROR(INDEX(Influential_Persons!$A:$A,_xlfn.AGGREGATE(15,6,ROW(Influential_Persons!$B$2:$B$199)/(Influential_Persons!$B$2:$B$199=$B$2),ROWS($A$23:A34))),"") | B34: =IF($A34="","",INDEX(Influential_Persons!$C:$C,MATCH($A34,Influential_Persons!$A:$A,0))) | C34: =IF($A34="","",INDEX(Influential_Persons!$D:$D,MATCH($A34,Influential_Persons!$A:$A,0))) | D34: =IF($A34="","",INDEX(Influential_Persons!$E:$E,MATCH($A34,Influential_Persons!$A:$A,0))) | E34: =IF($A34="","",INDEX(Influential_Persons!$F:$F,MATCH($A34,Influential_Persons!$A:$A,0)))
